{
  "version": 1,
  "author": "Rifqi",
  "editor": "wokwi",
  "parts": [
    { "type": "wokwi-breadboard-mini", "id": "bb1", "top": 104.2, "left": 160.8, "attrs": {} },
    { "type": "wokwi-arduino-uno", "id": "uno", "top": 48.6, "left": -115.8, "attrs": {} },
    {
      "type": "wokwi-7segment",
      "id": "sevseg1",
      "top": -4.62,
      "left": 216.28,
      "attrs": { "common": "cathode" }
    },
    {
      "type": "wokwi-resistor",
      "id": "r2",
      "top": 168,
      "left": 229.85,
      "rotate": 90,
      "attrs": { "value": "1000" }
    },
    {
      "type": "wokwi-resistor",
      "id": "r1",
      "top": 168,
      "left": 201.05,
      "rotate": 90,
      "attrs": { "value": "1000" }
    }
  ],
  "connections": [
    [ "r2:1", "bb1:10t.d", "", [ "$bb" ] ],
    [ "r2:2", "bb1:10b.h", "", [ "$bb" ] ],
    [ "r1:1", "bb1:7t.d", "", [ "$bb" ] ],
    [ "r1:2", "bb1:7b.h", "", [ "$bb" ] ],
    [ "r2:1", "sevseg1:COM.2", "black", [ "h0", "v-48", "h19.2", "v-115.2", "h-38.4" ] ],
    [ "r1:1", "sevseg1:COM.1", "black", [ "h9.6", "v-57.6" ] ],
    [ "sevseg1:A", "uno:2", "white", [ "v-37.56", "h-124.8", "v28.8" ] ],
    [ "sevseg1:B", "uno:3", "gray", [ "v-47.16", "h-144" ] ],
    [ "sevseg1:C", "uno:4", "violet", [ "v19.2", "h-48", "v-86.4", "h-96", "v9.6" ] ],
    [ "sevseg1:D", "uno:5", "blue", [ "v9.6", "h-57.6", "v-38.4", "h-76.8" ] ],
    [ "sevseg1:E", "uno:6", "green", [ "v28.8", "h0", "v-9.6", "h-38.4", "v-57.6", "h-96" ] ],
    [ "r1:2", "uno:GND.3", "black", [ "h0", "v66", "h-163.2" ] ],
    [ "r2:2", "uno:GND.3", "black", [ "h0", "v75.6", "h-192", "v-9.6" ] ],
    [ "sevseg1:F", "uno:7", "gold", [ "v-18.36", "h-153.6" ] ],
    [ "sevseg1:G", "uno:8", "orange", [ "v-8.76", "h-163.2" ] ]
  ],
  "dependencies": {}
}